{
    "DataType": "PotData",
    "DataVersion": 0,
    "GameVersion": "0.3.3f15",
    "GUID": "0bbeed17-109b-4201-b583-f5c2f288fad3",
    "ItemString": "{\n    \"DataType\": \"ItemData\",\n    \"DataVersion\": 0,\n    \"GameVersion\": \"0.3.3f15\",\n    \"ID\": \"growtent\",\n    \"Quantity\": 1\n}",
    "LoadOrder": 0,
    "GridGUID": "46a785d3-e21e-4117-8366-ebddea345dee",
    "OriginCoordinate": {
        "x": 4.0,
        "y": 5.0
    },
    "Rotation": 90,
    "SoilID": "extralonglifesoil",
    "SoilLevel": 20.0,
    "RemainingSoilUses": 2,
    "WaterLevel": 0.0,
    "AppliedAdditives": [],
    "PlantData": {
        "DataType": "PlantData",
        "DataVersion": 0,
        "GameVersion": "0.3.3f15",
        "SeedID": "greencrackseed",
        "GrowthProgress": 1.0,
        "YieldLevel": 1.0,
        "QualityLevel": 0.5,
        "ActiveBuds": [
            9,
            8,
            13,
            7,
            14,
            0,
            4,
            2
        ]
    }
}