{
    "DataType": "MixingStationData",
    "DataVersion": 0,
    "GameVersion": "0.3.3f15",
    "GUID": "002669ea-428b-4859-b702-928b945409b5",
    "ItemString": "{\n    \"DataType\": \"ItemData\",\n    \"DataVersion\": 0,\n    \"GameVersion\": \"0.3.3f15\",\n    \"ID\": \"mixingstation\",\n    \"Quantity\": 1\n}",
    "LoadOrder": 0,
    "GridGUID": "46a785d3-e21e-4117-8366-ebddea345dee",
    "OriginCoordinate": {
        "x": 17.0,
        "y": 8.0
    },
    "Rotation": -90,
    "ProductContents": {
        "Items": [
            "{\"DataType\":\"ItemData\",\"DataVersion\":0,\"GameVersion\":\"0.3.3f15\",\"ID\":\"\",\"Quantity\":0}"
        ]
    },
    "MixerContents": {
        "Items": [
            "{\"DataType\":\"ItemData\",\"DataVersion\":0,\"GameVersion\":\"0.3.3f15\",\"ID\":\"gasoline\",\"Quantity\":4}"
        ]
    },
    "OutputContents": {
        "Items": [
            "{\"DataType\":\"ItemData\",\"DataVersion\":0,\"GameVersion\":\"0.3.3f15\",\"ID\":\"\",\"Quantity\":0}"
        ]
    },
    "CurrentMixOperation": {
        "ProductID": "",
        "ProductQuality": 0,
        "IngredientID": "",
        "Quantity": 0
    },
    "CurrentMixTime": 0
}