{
    "DataType": "MetaData",
    "DataVersion": 0,
    "GameVersion": "0.3.3f15",
    "CreationDate": {
        "DataType": "DateTimeData",
        "DataVersion": 0,
        "GameVersion": "0.3.3f15",
        "Year": 2025,
        "Month": 4,
        "Day": 5,
        "Hour": 22,
        "Minute": 49,
        "Second": 59
    },
    "LastPlayedDate": {
        "DataType": "DateTimeData",
        "DataVersion": 0,
        "GameVersion": "0.3.3f15",
        "Year": 2025,
        "Month": 4,
        "Day": 6,
        "Hour": 3,
        "Minute": 6,
        "Second": 31
    },
    "CreationVersion": "0.3.3f15",
    "LastSaveVersion": "0.3.3f15",
    "PlayTutorial": false
}