{
    "DataType": "CustomerData",
    "DataVersion": 0,
    "GameVersion": "0.3.3f15",
    "Dependence": 0.3131999969482422,
    "PurchaseableProducts": [
        "granddaddypurple",
        "greencrack"
    ],
    "ProductAffinities": [
        1.0,
        0.7049999833106995,
        -0.40799999237060549
    ],
    "TimeSinceLastDealCompleted": 692,
    "TimeSinceLastDealOffered": 794,
    "OfferedDeals": 9,
    "CompletedDeals": 10,
    "IsContractOffered": false,
    "OfferedContract": {
        "Payment": 0.0,
        "Products": {
            "entries": []
        },
        "DeliveryLocationGUID": "",
        "DeliveryWindow": {
            "IsEnabled": false,
            "WindowStartTime": 1200,
            "WindowEndTime": 1800
        },
        "Expires": false,
        "ExpiresAfter": 0,
        "PickupScheduleIndex": 0,
        "IsCounterOffer": false
    },
    "OfferedContractTime": {
        "elapsedDays": 10,
        "time": 1030
    },
    "TimeSincePlayerApproached": 13385,
    "TimeSinceInstantDealOffered": 13385,
    "HasBeenRecommended": false
}