{
    "DataType": "CustomerData",
    "DataVersion": 0,
    "GameVersion": "0.3.3f15",
    "Dependence": 0.0,
    "PurchaseableProducts": [
        "ogkush"
    ],
    "ProductAffinities": [
        0.7218369841575623,
        -0.24902546405792237,
        -0.22300803661346436
    ],
    "TimeSinceLastDealCompleted": 1562,
    "TimeSinceLastDealOffered": 253,
    "OfferedDeals": 3,
    "CompletedDeals": 2,
    "IsContractOffered": false,
    "OfferedContract": {
        "Payment": 0.0,
        "Products": {
            "entries": []
        },
        "DeliveryLocationGUID": "",
        "DeliveryWindow": {
            "IsEnabled": false,
            "WindowStartTime": 1200,
            "WindowEndTime": 1800
        },
        "Expires": false,
        "ExpiresAfter": 0,
        "PickupScheduleIndex": 0,
        "IsCounterOffer": false
    },
    "OfferedContractTime": {
        "elapsedDays": 10,
        "time": 1930
    },
    "TimeSincePlayerApproached": 1013231,
    "TimeSinceInstantDealOffered": 1013231,
    "HasBeenRecommended": false
}