{
    "DataType": "ContractData",
    "DataVersion": 0,
    "GameVersion": "0.3.3f15",
    "GUID": "74e19fe1-f54e-404e-876e-0c3d153b924f",
    "State": 1,
    "IsTracked": true,
    "Title": "Deal for Geraldine",
    "Description": "Geraldine has requested a delivery of 10x OG Kush behind Thompson construction and demolition for $380.",
    "Expires": true,
    "ExpiryDate": {
        "DataType": "GameDateTimeData",
        "DataVersion": 0,
        "GameVersion": "0.3.3f15",
        "ElapsedDays": 11,
        "Time": 1200
    },
    "Entries": [
        {
            "DataType": "QuestEntryData",
            "DataVersion": 0,
            "GameVersion": "0.3.3f15",
            "Name": "10x OG Kush, Behind Thompson construction and demolition",
            "State": 1
        }
    ],
    "CustomerGUID": "18acf346-c4da-410c-9ed9-12c1101fb26d",
    "Payment": 380.0,
    "ProductList": {
        "entries": [
            {
                "ProductID": "ogkush",
                "Quality": 0,
                "Quantity": 10
            }
        ]
    },
    "DeliveryLocationGUID": "5fdc79c3-1636-43b1-947a-5ba8f80f825b",
    "DeliveryWindow": {
        "IsEnabled": true,
        "WindowStartTime": 600,
        "WindowEndTime": 1200
    },
    "PickupScheduleIndex": 0,
    "AcceptTime": {
        "DataType": "GameDateTimeData",
        "DataVersion": 0,
        "GameVersion": "0.3.3f15",
        "ElapsedDays": 10,
        "Time": 1449
    }
}