{
    "DataType": "ContractData",
    "DataVersion": 0,
    "GameVersion": "0.3.3f15",
    "GUID": "4c3aa9ab-b57e-4d97-bbad-60dce72b2a87",
    "State": 1,
    "IsTracked": true,
    "Title": "Deal for Mrs. Ming",
    "Description": "Mrs. Ming has requested a delivery of 5x Granddaddy Purple behind Sauerkraut Supreme pizzeria for $225.",
    "Expires": true,
    "ExpiryDate": {
        "DataType": "GameDateTimeData",
        "DataVersion": 0,
        "GameVersion": "0.3.3f15",
        "ElapsedDays": 11,
        "Time": 1200
    },
    "Entries": [
        {
            "DataType": "QuestEntryData",
            "DataVersion": 0,
            "GameVersion": "0.3.3f15",
            "Name": "5x Granddaddy Purple, Behind Sauerkraut Supreme Pizzeria",
            "State": 1
        }
    ],
    "CustomerGUID": "145d7e11-b35e-4863-8734-0b08e7cfb5b6",
    "Payment": 225.0,
    "ProductList": {
        "entries": [
            {
                "ProductID": "granddaddypurple",
                "Quality": 1,
                "Quantity": 5
            }
        ]
    },
    "DeliveryLocationGUID": "785abdf1-0a0c-4d48-99d7-b8adfa3e8e10",
    "DeliveryWindow": {
        "IsEnabled": true,
        "WindowStartTime": 600,
        "WindowEndTime": 1200
    },
    "PickupScheduleIndex": 0,
    "AcceptTime": {
        "DataType": "GameDateTimeData",
        "DataVersion": 0,
        "GameVersion": "0.3.3f15",
        "ElapsedDays": 10,
        "Time": 2048
    }
}