{
    "DataType": "ContractData",
    "DataVersion": 0,
    "GameVersion": "0.3.3f15",
    "GUID": "2a3b5091-3d9c-4dfe-81ac-5fa8fea17db5",
    "State": 1,
    "IsTracked": true,
    "Title": "Deal for Trent",
    "Description": "Trent has requested a delivery of 5x Sour Diesel in the west construction site for $190.",
    "Expires": true,
    "ExpiryDate": {
        "DataType": "GameDateTimeData",
        "DataVersion": 0,
        "GameVersion": "0.3.3f15",
        "ElapsedDays": 11,
        "Time": 1200
    },
    "Entries": [
        {
            "DataType": "QuestEntryData",
            "DataVersion": 0,
            "GameVersion": "0.3.3f15",
            "Name": "5x Sour Diesel, Construction site",
            "State": 1
        }
    ],
    "CustomerGUID": "3d75cfaf-216e-4258-8d48-214837bbe1a5",
    "Payment": 190.0,
    "ProductList": {
        "entries": [
            {
                "ProductID": "sourdiesel",
                "Quality": 1,
                "Quantity": 5
            }
        ]
    },
    "DeliveryLocationGUID": "38d1c80c-0173-49b6-9701-65bd08219ee6",
    "DeliveryWindow": {
        "IsEnabled": true,
        "WindowStartTime": 600,
        "WindowEndTime": 1200
    },
    "PickupScheduleIndex": 0,
    "AcceptTime": {
        "DataType": "GameDateTimeData",
        "DataVersion": 0,
        "GameVersion": "0.3.3f15",
        "ElapsedDays": 10,
        "Time": 2032
    }
}