{
    "DataType": "ContractData",
    "DataVersion": 0,
    "GameVersion": "0.3.3f15",
    "GUID": "a1d2225f-3230-4ab6-9c7c-2ce499386087",
    "State": 1,
    "IsTracked": true,
    "Title": "Deal for Ludwig",
    "Description": "Ludwig has requested a delivery of 5x Granddaddy Purple behind taco ticklers for $220.",
    "Expires": true,
    "ExpiryDate": {
        "DataType": "GameDateTimeData",
        "DataVersion": 0,
        "GameVersion": "0.3.3f15",
        "ElapsedDays": 11,
        "Time": 1200
    },
    "Entries": [
        {
            "DataType": "QuestEntryData",
            "DataVersion": 0,
            "GameVersion": "0.3.3f15",
            "Name": "5x Granddaddy Purple, Behind Taco Ticklers",
            "State": 1
        }
    ],
    "CustomerGUID": "ac55fc3b-804a-46e3-9adc-19aaf79bed5b",
    "Payment": 220.0,
    "ProductList": {
        "entries": [
            {
                "ProductID": "granddaddypurple",
                "Quality": 1,
                "Quantity": 5
            }
        ]
    },
    "DeliveryLocationGUID": "b7ab2bad-0f54-49c4-9a98-47f87c0a2700",
    "DeliveryWindow": {
        "IsEnabled": true,
        "WindowStartTime": 600,
        "WindowEndTime": 1200
    },
    "PickupScheduleIndex": 0,
    "AcceptTime": {
        "DataType": "GameDateTimeData",
        "DataVersion": 0,
        "GameVersion": "0.3.3f15",
        "ElapsedDays": 10,
        "Time": 1506
    }
}