{
    "DataType": "ContractData",
    "DataVersion": 0,
    "GameVersion": "0.3.3f15",
    "GUID": "f8fd817a-9842-45f0-bc27-af43ec3300a9",
    "State": 1,
    "IsTracked": true,
    "Title": "Deal for Chloe",
    "Description": "Chloe has requested a delivery of 5x Green Crack next to the barbershop for $225.",
    "Expires": true,
    "ExpiryDate": {
        "DataType": "GameDateTimeData",
        "DataVersion": 0,
        "GameVersion": "0.3.3f15",
        "ElapsedDays": 11,
        "Time": 1200
    },
    "Entries": [
        {
            "DataType": "QuestEntryData",
            "DataVersion": 0,
            "GameVersion": "0.3.3f15",
            "Name": "5x Green Crack, Next to barbershop",
            "State": 1
        }
    ],
    "CustomerGUID": "16d03826-0ef9-4e25-b5ef-63aca1728618",
    "Payment": 225.0,
    "ProductList": {
        "entries": [
            {
                "ProductID": "greencrack",
                "Quality": 1,
                "Quantity": 5
            }
        ]
    },
    "DeliveryLocationGUID": "40ffadb0-0dfb-408c-a940-f3dd81f04c89",
    "DeliveryWindow": {
        "IsEnabled": true,
        "WindowStartTime": 600,
        "WindowEndTime": 1200
    },
    "PickupScheduleIndex": 0,
    "AcceptTime": {
        "DataType": "GameDateTimeData",
        "DataVersion": 0,
        "GameVersion": "0.3.3f15",
        "ElapsedDays": 10,
        "Time": 1533
    }
}