{
    "DataType": "ContractData",
    "DataVersion": 0,
    "GameVersion": "0.3.3f15",
    "GUID": "f0308dbc-0c62-4a3c-91c1-569aa268847c",
    "State": 1,
    "IsTracked": true,
    "Title": "Deal for Kathy",
    "Description": "Kathy has requested a delivery of 5x Sour Diesel at the skatepark for $220.",
    "Expires": true,
    "ExpiryDate": {
        "DataType": "GameDateTimeData",
        "DataVersion": 0,
        "GameVersion": "0.3.3f15",
        "ElapsedDays": 11,
        "Time": 1200
    },
    "Entries": [
        {
            "DataType": "QuestEntryData",
            "DataVersion": 0,
            "GameVersion": "0.3.3f15",
            "Name": "5x Sour Diesel, Skatepark",
            "State": 1
        }
    ],
    "CustomerGUID": "9375b541-2ffe-49f0-96fd-004231651f88",
    "Payment": 220.0,
    "ProductList": {
        "entries": [
            {
                "ProductID": "sourdiesel",
                "Quality": 1,
                "Quantity": 5
            }
        ]
    },
    "DeliveryLocationGUID": "dfef5a22-ac4d-4081-954f-5c6b79a41d58",
    "DeliveryWindow": {
        "IsEnabled": true,
        "WindowStartTime": 600,
        "WindowEndTime": 1200
    },
    "PickupScheduleIndex": 0,
    "AcceptTime": {
        "DataType": "GameDateTimeData",
        "DataVersion": 0,
        "GameVersion": "0.3.3f15",
        "ElapsedDays": 10,
        "Time": 2117
    }
}