{
    "DataType": "ContractData",
    "DataVersion": 0,
    "GameVersion": "0.3.3f15",
    "GUID": "1cf71211-4f93-430d-bba5-c5b8e1469c02",
    "State": 1,
    "IsTracked": true,
    "Title": "Deal for Mick",
    "Description": "Mick has requested a delivery of 5x OG Kush in front of the motel for $200.",
    "Expires": true,
    "ExpiryDate": {
        "DataType": "GameDateTimeData",
        "DataVersion": 0,
        "GameVersion": "0.3.3f15",
        "ElapsedDays": 11,
        "Time": 1200
    },
    "Entries": [
        {
            "DataType": "QuestEntryData",
            "DataVersion": 0,
            "GameVersion": "0.3.3f15",
            "Name": "5x OG Kush, In front of motel",
            "State": 1
        }
    ],
    "CustomerGUID": "d7a1ac26-77c2-42f3-aa82-bee1f6a99cb9",
    "Payment": 200.0,
    "ProductList": {
        "entries": [
            {
                "ProductID": "ogkush",
                "Quality": 1,
                "Quantity": 5
            }
        ]
    },
    "DeliveryLocationGUID": "42b11b9f-8460-45fc-a677-a6ff29dd8561",
    "DeliveryWindow": {
        "IsEnabled": true,
        "WindowStartTime": 600,
        "WindowEndTime": 1200
    },
    "PickupScheduleIndex": 0,
    "AcceptTime": {
        "DataType": "GameDateTimeData",
        "DataVersion": 0,
        "GameVersion": "0.3.3f15",
        "ElapsedDays": 10,
        "Time": 2104
    }
}