{
    "DataType": "DeaddropQuestData",
    "DataVersion": 0,
    "GameVersion": "0.3.3f15",
    "GUID": "eefebc69-8b65-4efd-9447-53e3c0d2c738",
    "State": 2,
    "IsTracked": true,
    "Title": "Collect Dead Drop",
    "Description": "Collect the dead drop on the pawn shop west wall",
    "Expires": false,
    "ExpiryDate": {
        "DataType": "GameDateTimeData",
        "DataVersion": 0,
        "GameVersion": "0.3.3f15",
        "ElapsedDays": 0,
        "Time": 0
    },
    "Entries": [
        {
            "DataType": "QuestEntryData",
            "DataVersion": 0,
            "GameVersion": "0.3.3f15",
            "Name": "Pawn shop west wall",
            "State": 2
        }
    ],
    "DeaddropGUID": "fde97bca-d21a-476c-bf03-b00768a45030"
}