{
    "DataType": "DeaddropQuestData",
    "DataVersion": 0,
    "GameVersion": "0.3.3f15",
    "GUID": "c7cd2687-ae55-4de8-b34f-ebd41e0268f9",
    "State": 2,
    "IsTracked": true,
    "Title": "Collect Dead Drop",
    "Description": "Collect the dead drop behind Thompson Construction",
    "Expires": false,
    "ExpiryDate": {
        "DataType": "GameDateTimeData",
        "DataVersion": 0,
        "GameVersion": "0.3.3f15",
        "ElapsedDays": 0,
        "Time": 0
    },
    "Entries": [
        {
            "DataType": "QuestEntryData",
            "DataVersion": 0,
            "GameVersion": "0.3.3f15",
            "Name": "Behind Thompson Construction",
            "State": 2
        }
    ],
    "DeaddropGUID": "766389cd-b2e3-44ec-84fe-9c59eccfcdd7"
}