{
    "DataType": "DeaddropQuestData",
    "DataVersion": 0,
    "GameVersion": "0.3.3f15",
    "GUID": "8ac38cec-8ce0-413b-9f69-9f5852a41728",
    "State": 2,
    "IsTracked": true,
    "Title": "Collect Dead Drop",
    "Description": "Collect the dead drop behind the bank",
    "Expires": false,
    "ExpiryDate": {
        "DataType": "GameDateTimeData",
        "DataVersion": 0,
        "GameVersion": "0.3.3f15",
        "ElapsedDays": 0,
        "Time": 0
    },
    "Entries": [
        {
            "DataType": "QuestEntryData",
            "DataVersion": 0,
            "GameVersion": "0.3.3f15",
            "Name": "Behind bank",
            "State": 2
        }
    ],
    "DeaddropGUID": "e5399b56-22a5-4a2c-a254-cc81e3ab2f75"
}