{
    "DataType": "DeaddropQuestData",
    "DataVersion": 0,
    "GameVersion": "0.3.3f15",
    "GUID": "9a48f78e-5862-4727-8f56-e6d3a46cbce9",
    "State": 2,
    "IsTracked": true,
    "Title": "Collect Dead Drop",
    "Description": "Collect the dead drop in the central canal",
    "Expires": false,
    "ExpiryDate": {
        "DataType": "GameDateTimeData",
        "DataVersion": 0,
        "GameVersion": "0.3.3f15",
        "ElapsedDays": 0,
        "Time": 0
    },
    "Entries": [
        {
            "DataType": "QuestEntryData",
            "DataVersion": 0,
            "GameVersion": "0.3.3f15",
            "Name": "Central canal",
            "State": 2
        }
    ],
    "DeaddropGUID": "4ac50ff1-ad3c-415b-aa77-c80249dfa473"
}