{
    "DataType": "QuestData",
    "DataVersion": 0,
    "GameVersion": "0.3.3f15",
    "GUID": "004e1462-b447-4c46-a8b8-74a4f48ff6a9",
    "State": 2,
    "IsTracked": true,
    "Title": "Money Management",
    "Description": "Deposit some cash at an ATM.",
    "Expires": false,
    "ExpiryDate": {
        "DataType": "GameDateTimeData",
        "DataVersion": 0,
        "GameVersion": "0.3.3f15",
        "ElapsedDays": 0,
        "Time": 0
    },
    "Entries": [
        {
            "DataType": "QuestEntryData",
            "DataVersion": 0,
            "GameVersion": "0.3.3f15",
            "Name": "Deposit cash at an ATM",
            "State": 2
        }
    ]
}