{
    "DataType": "CustomerData",
    "DataVersion": 0,
    "GameVersion": "0.3.3f15",
    "Dependence": 0.0,
    "PurchaseableProducts": [
        "ogkush"
    ],
    "ProductAffinities": [
        0.722388744354248,
        0.7921531200408936,
        0.24973881244659425
    ],
    "TimeSinceLastDealCompleted": 3413,
    "TimeSinceLastDealOffered": 523,
    "OfferedDeals": 6,
    "CompletedDeals": 4,
    "IsContractOffered": false,
    "OfferedContract": {
        "Payment": 0.0,
        "Products": {
            "entries": []
        },
        "DeliveryLocationGUID": "",
        "DeliveryWindow": {
            "IsEnabled": false,
            "WindowStartTime": 1200,
            "WindowEndTime": 1800
        },
        "Expires": false,
        "ExpiresAfter": 0,
        "PickupScheduleIndex": 0,
        "IsCounterOffer": false
    },
    "OfferedContractTime": {
        "elapsedDays": 10,
        "time": 1500
    },
    "TimeSincePlayerApproached": 1013231,
    "TimeSinceInstantDealOffered": 1013231,
    "HasBeenRecommended": false
}