{
    "DataType": "CustomerData",
    "DataVersion": 0,
    "GameVersion": "0.3.3f15",
    "Dependence": 0.20960000157356263,
    "PurchaseableProducts": [
        "ogkush"
    ],
    "ProductAffinities": [
        1.0,
        0.6600000262260437,
        0.25999999046325686
    ],
    "TimeSinceLastDealCompleted": 1322,
    "TimeSinceLastDealOffered": 563,
    "OfferedDeals": 6,
    "CompletedDeals": 5,
    "IsContractOffered": false,
    "OfferedContract": {
        "Payment": 0.0,
        "Products": {
            "entries": []
        },
        "DeliveryLocationGUID": "",
        "DeliveryWindow": {
            "IsEnabled": false,
            "WindowStartTime": 1200,
            "WindowEndTime": 1800
        },
        "Expires": false,
        "ExpiresAfter": 0,
        "PickupScheduleIndex": 0,
        "IsCounterOffer": false
    },
    "OfferedContractTime": {
        "elapsedDays": 10,
        "time": 1420
    },
    "TimeSincePlayerApproached": 1013231,
    "TimeSinceInstantDealOffered": 7492,
    "HasBeenRecommended": false
}