{
    "DataType": "CustomerData",
    "DataVersion": 0,
    "GameVersion": "0.3.3f15",
    "Dependence": 0.0,
    "PurchaseableProducts": [
        "ogkush"
    ],
    "ProductAffinities": [
        -0.2821613848209381,
        0.2995903193950653,
        -0.8023519515991211
    ],
    "TimeSinceLastDealCompleted": 1546,
    "TimeSinceLastDealOffered": 613,
    "OfferedDeals": 10,
    "CompletedDeals": 6,
    "IsContractOffered": false,
    "OfferedContract": {
        "Payment": 0.0,
        "Products": {
            "entries": []
        },
        "DeliveryLocationGUID": "",
        "DeliveryWindow": {
            "IsEnabled": false,
            "WindowStartTime": 1200,
            "WindowEndTime": 1800
        },
        "Expires": false,
        "ExpiresAfter": 0,
        "PickupScheduleIndex": 0,
        "IsCounterOffer": false
    },
    "OfferedContractTime": {
        "elapsedDays": 10,
        "time": 1330
    },
    "TimeSincePlayerApproached": 1013414,
    "TimeSinceInstantDealOffered": 7623,
    "HasBeenRecommended": false
}