{
    "DataType": "PlaceableStorageData",
    "DataVersion": 0,
    "GameVersion": "0.3.3f15",
    "GUID": "7944941d-8b59-43c3-8b14-6756c89b345d",
    "ItemString": "{\n    \"DataType\": \"ItemData\",\n    \"DataVersion\": 0,\n    \"GameVersion\": \"0.3.3f15\",\n    \"ID\": \"smallstoragerack\",\n    \"Quantity\": 1\n}",
    "LoadOrder": 0,
    "GridGUID": "46a785d3-e21e-4117-8366-ebddea345dee",
    "OriginCoordinate": {
        "x": 11.0,
        "y": 6.0
    },
    "Rotation": 180,
    "Contents": {
        "Items": [
            "{\"DataType\":\"ItemData\",\"DataVersion\":0,\"GameVersion\":\"0.3.3f15\",\"ID\":\"sourdieselseed\",\"Quantity\":10}",
            "{\"DataType\":\"ItemData\",\"DataVersion\":0,\"GameVersion\":\"0.3.3f15\",\"ID\":\"ogkushseed\",\"Quantity\":9}",
            "{\"DataType\":\"ItemData\",\"DataVersion\":0,\"GameVersion\":\"0.3.3f15\",\"ID\":\"greencrackseed\",\"Quantity\":8}",
            "{\"DataType\":\"ItemData\",\"DataVersion\":0,\"GameVersion\":\"0.3.3f15\",\"ID\":\"granddaddypurpleseed\",\"Quantity\":8}"
        ]
    }
}