{
    "DataType": "CustomerData",
    "DataVersion": 0,
    "GameVersion": "0.3.3f15",
    "Dependence": 0.0,
    "PurchaseableProducts": [
        "ogkush"
    ],
    "ProductAffinities": [
        0.5600000023841858,
        0.0,
        1.0
    ],
    "TimeSinceLastDealCompleted": 1013232,
    "TimeSinceLastDealOffered": 1013232,
    "OfferedDeals": 0,
    "CompletedDeals": 0,
    "IsContractOffered": false,
    "OfferedContract": {
        "Payment": 0.0,
        "Products": {
            "entries": []
        },
        "DeliveryLocationGUID": "",
        "DeliveryWindow": {
            "IsEnabled": false,
            "WindowStartTime": 1200,
            "WindowEndTime": 1800
        },
        "Expires": false,
        "ExpiresAfter": 0,
        "PickupScheduleIndex": 0,
        "IsCounterOffer": false
    },
    "OfferedContractTime": {
        "elapsedDays": 0,
        "time": 0
    },
    "TimeSincePlayerApproached": 1013232,
    "TimeSinceInstantDealOffered": 1013232,
    "HasBeenRecommended": false
}