{
    "DataType": "PlaceableStorageData",
    "DataVersion": 0,
    "GameVersion": "0.3.3f15",
    "GUID": "92d6dd11-ff6b-4101-84bf-c0e877cedce6",
    "ItemString": "{\n    \"DataType\": \"ItemData\",\n    \"DataVersion\": 0,\n    \"GameVersion\": \"0.3.3f15\",\n    \"ID\": \"bed\",\n    \"Quantity\": 1\n}",
    "LoadOrder": 0,
    "GridGUID": "efc3aaed-d40e-4075-8fc5-79664c851628",
    "OriginCoordinate": {
        "x": 0.0,
        "y": 7.0
    },
    "Rotation": 0,
    "Contents": {
        "Items": [
            "{\"DataType\":\"ItemData\",\"DataVersion\":0,\"GameVersion\":\"0.3.3f15\",\"ID\":\"\",\"Quantity\":0}",
            "{\"DataType\":\"ItemData\",\"DataVersion\":0,\"GameVersion\":\"0.3.3f15\",\"ID\":\"\",\"Quantity\":0}",
            "{\"DataType\":\"ItemData\",\"DataVersion\":0,\"GameVersion\":\"0.3.3f15\",\"ID\":\"\",\"Quantity\":0}",
            "{\"DataType\":\"ItemData\",\"DataVersion\":0,\"GameVersion\":\"0.3.3f15\",\"ID\":\"\",\"Quantity\":0}"
        ]
    }
}