{
    "DataType": "BotanistConfigurationData",
    "DataVersion": 0,
    "GameVersion": "0.3.3f15",
    "Bed": {
        "ObjectGUID": "7a176377-c505-4390-889d-b72861fb70ce"
    },
    "Supplies": {
        "ObjectGUID": "7944941d-8b59-43c3-8b14-6756c89b345d"
    },
    "Pots": {
        "ObjectGUIDs": [
            "0bbeed17-109b-4201-b583-f5c2f288fad3",
            "5eb41597-6aba-4703-9622-c60aa1fa0208",
            "a57025dd-8aea-4ef0-a976-b5894dc90a26",
            "aff331d2-71cd-40d8-91df-035f68fdc1c8",
            "09ab00c8-3f59-4786-acfc-a1f8164f866a",
            "e159d411-42bf-4e7f-b03b-c688586e6474"
        ]
    }
}