{
    "DataType": "BotanistData",
    "DataVersion": 0,
    "GameVersion": "0.3.3f15",
    "ID": "jonathan_hernandez",
    "AssignedProperty": "sweatshop",
    "FirstName": "Jonathan",
    "LastName": "Hernandez",
    "IsMale": true,
    "AppearanceIndex": 4,
    "Position": {
        "x": -62.92567443847656,
        "y": -4.009995460510254,
        "z": 143.69790649414063
    },
    "Rotation": {
        "x": 0.0,
        "y": -0.25087153911590578,
        "z": 0.0,
        "w": 0.9680203795433044
    },
    "GUID": "b56f5a55-7d60-4135-b715-3056e9b4abe1",
    "PaidForToday": true,
    "MoveItemData": {
        "TemplateItemJSON": "",
        "GrabbedItemQuantity": 0,
        "SourceGUID": "",
        "DestinationGUID": ""
    }
}