{
    "DataType": "CustomerData",
    "DataVersion": 0,
    "GameVersion": "0.3.3f15",
    "Dependence": 0.17760001122951508,
    "PurchaseableProducts": [
        "ogkush"
    ],
    "ProductAffinities": [
        1.0,
        0.4000000059604645,
        0.7400000095367432
    ],
    "TimeSinceLastDealCompleted": 679,
    "TimeSinceLastDealOffered": 764,
    "OfferedDeals": 5,
    "CompletedDeals": 5,
    "IsContractOffered": false,
    "OfferedContract": {
        "Payment": 0.0,
        "Products": {
            "entries": []
        },
        "DeliveryLocationGUID": "",
        "DeliveryWindow": {
            "IsEnabled": false,
            "WindowStartTime": 1200,
            "WindowEndTime": 1800
        },
        "Expires": false,
        "ExpiresAfter": 0,
        "PickupScheduleIndex": 0,
        "IsCounterOffer": false
    },
    "OfferedContractTime": {
        "elapsedDays": 10,
        "time": 1100
    },
    "TimeSincePlayerApproached": 1013232,
    "TimeSinceInstantDealOffered": 7578,
    "HasBeenRecommended": false
}