{
    "DataType": "CustomerData",
    "DataVersion": 0,
    "GameVersion": "0.3.3f15",
    "Dependence": 0.15680000185966493,
    "PurchaseableProducts": [
        "ogkush"
    ],
    "ProductAffinities": [
        1.0,
        0.27000001072883608,
        -0.6100000143051148
    ],
    "TimeSinceLastDealCompleted": 1350,
    "TimeSinceLastDealOffered": 433,
    "OfferedDeals": 9,
    "CompletedDeals": 7,
    "IsContractOffered": false,
    "OfferedContract": {
        "Payment": 0.0,
        "Products": {
            "entries": []
        },
        "DeliveryLocationGUID": "",
        "DeliveryWindow": {
            "IsEnabled": false,
            "WindowStartTime": 1200,
            "WindowEndTime": 1800
        },
        "Expires": false,
        "ExpiresAfter": 0,
        "PickupScheduleIndex": 0,
        "IsCounterOffer": false
    },
    "OfferedContractTime": {
        "elapsedDays": 10,
        "time": 1630
    },
    "TimeSincePlayerApproached": 13383,
    "TimeSinceInstantDealOffered": 13383,
    "HasBeenRecommended": false
}