{
    "DataType": "PotData",
    "DataVersion": 0,
    "GameVersion": "0.3.3f15",
    "GUID": "aff331d2-71cd-40d8-91df-035f68fdc1c8",
    "ItemString": "{\n    \"DataType\": \"ItemData\",\n    \"DataVersion\": 0,\n    \"GameVersion\": \"0.3.3f15\",\n    \"ID\": \"growtent\",\n    \"Quantity\": 1\n}",
    "LoadOrder": 0,
    "GridGUID": "46a785d3-e21e-4117-8366-ebddea345dee",
    "OriginCoordinate": {
        "x": 9.0,
        "y": 0.0
    },
    "Rotation": -90,
    "SoilID": "longlifesoil",
    "SoilLevel": 20.0,
    "RemainingSoilUses": 1,
    "WaterLevel": 0.0,
    "AppliedAdditives": [],
    "PlantData": {
        "DataType": "PlantData",
        "DataVersion": 0,
        "GameVersion": "0.3.3f15",
        "SeedID": "",
        "GrowthProgress": 0.0,
        "YieldLevel": 0.0,
        "QualityLevel": 0.0,
        "ActiveBuds": []
    }
}