{
    "DataType": "PotData",
    "DataVersion": 0,
    "GameVersion": "0.3.3f15",
    "GUID": "a57025dd-8aea-4ef0-a976-b5894dc90a26",
    "ItemString": "{\n    \"DataType\": \"ItemData\",\n    \"DataVersion\": 0,\n    \"GameVersion\": \"0.3.3f15\",\n    \"ID\": \"growtent\",\n    \"Quantity\": 1\n}",
    "LoadOrder": 0,
    "GridGUID": "46a785d3-e21e-4117-8366-ebddea345dee",
    "OriginCoordinate": {
        "x": 4.0,
        "y": 1.0
    },
    "Rotation": 90,
    "SoilID": "extralonglifesoil",
    "SoilLevel": 20.0,
    "RemainingSoilUses": 3,
    "WaterLevel": 0.0,
    "AppliedAdditives": [],
    "PlantData": {
        "DataType": "PlantData",
        "DataVersion": 0,
        "GameVersion": "0.3.3f15",
        "SeedID": "",
        "GrowthProgress": 0.0,
        "YieldLevel": 0.0,
        "QualityLevel": 0.0,
        "ActiveBuds": []
    }
}