{
    "DataType": "CustomerData",
    "DataVersion": 0,
    "GameVersion": "0.3.3f15",
    "Dependence": 0.2628999948501587,
    "PurchaseableProducts": [
        "ogkush"
    ],
    "ProductAffinities": [
        0.7822750210762024,
        0.22599999606609345,
        0.9020000100135803
    ],
    "TimeSinceLastDealCompleted": 1475,
    "TimeSinceLastDealOffered": 208,
    "OfferedDeals": 4,
    "CompletedDeals": 1,
    "IsContractOffered": false,
    "OfferedContract": {
        "Payment": 0.0,
        "Products": {
            "entries": []
        },
        "DeliveryLocationGUID": "",
        "DeliveryWindow": {
            "IsEnabled": false,
            "WindowStartTime": 1200,
            "WindowEndTime": 1800
        },
        "Expires": false,
        "ExpiresAfter": 0,
        "PickupScheduleIndex": 0,
        "IsCounterOffer": false
    },
    "OfferedContractTime": {
        "elapsedDays": 10,
        "time": 2015
    },
    "TimeSincePlayerApproached": 1013231,
    "TimeSinceInstantDealOffered": 1013231,
    "HasBeenRecommended": false
}