{
    "DataType": "CustomerData",
    "DataVersion": 0,
    "GameVersion": "0.3.3f15",
    "Dependence": 0.4962000250816345,
    "PurchaseableProducts": [
        "granddaddypurple",
        "greencrack"
    ],
    "ProductAffinities": [
        0.49387502670288088,
        1.0,
        -0.27000001072883608
    ],
    "TimeSinceLastDealCompleted": 1018,
    "TimeSinceLastDealOffered": 73,
    "OfferedDeals": 7,
    "CompletedDeals": 6,
    "IsContractOffered": false,
    "OfferedContract": {
        "Payment": 0.0,
        "Products": {
            "entries": []
        },
        "DeliveryLocationGUID": "",
        "DeliveryWindow": {
            "IsEnabled": false,
            "WindowStartTime": 1200,
            "WindowEndTime": 1800
        },
        "Expires": false,
        "ExpiresAfter": 0,
        "PickupScheduleIndex": 0,
        "IsCounterOffer": false
    },
    "OfferedContractTime": {
        "elapsedDays": 10,
        "time": 2230
    },
    "TimeSincePlayerApproached": 13384,
    "TimeSinceInstantDealOffered": 9991,
    "HasBeenRecommended": false
}