{
    "Gender": 1,
    "Weight": 0.1806451678276062,
    "SkinColor": {
        "r": 0.17924529314041139,
        "g": 0.1540389209985733,
        "b": 0.13443396985530854,
        "a": 1.0
    },
    "HairStyle": "Avatar/Hair/BowlCut/BowlCut",
    "HairColor": {
        "r": 0.3037250339984894,
        "g": 0.2988607883453369,
        "b": 0.8679245114326477,
        "a": 1.0
    },
    "Mouth": "Avatar/Layers/Face/Face_SmugPout",
    "FacialHair": "",
    "FacialDetails": "",
    "FacialDetailsIntensity": 1.0,
    "EyeballColor": {
        "r": 1.0,
        "g": 0.6556603908538818,
        "b": 0.6556603908538818,
        "a": 1.0
    },
    "UpperEyeLidRestingPosition": 1.0,
    "LowerEyeLidRestingPosition": 0.0,
    "PupilDilation": 1.0,
    "EyebrowScale": 1.7000000476837159,
    "EyebrowThickness": 0.8451613187789917,
    "EyebrowRestingHeight": 1.0,
    "EyebrowRestingAngle": 10.0,
    "Top": "Avatar/Layers/Top/T-Shirt",
    "TopColor": {
        "r": 0.32551616430282595,
        "g": 0.5783624649047852,
        "b": 0.8962264060974121,
        "a": 1.0
    },
    "Bottom": "Avatar/Layers/Bottom/Jorts",
    "BottomColor": {
        "r": 0.1779547780752182,
        "g": 0.21686768531799317,
        "b": 0.40566039085388186,
        "a": 1.0
    },
    "Shoes": "Avatar/Accessories/Feet/Sneakers/Sneakers",
    "ShoesColor": {
        "r": 0.1779547780752182,
        "g": 0.21686768531799317,
        "b": 0.40566039085388186,
        "a": 1.0
    },
    "Headwear": "",
    "HeadwearColor": {
        "r": 1.0,
        "g": 1.0,
        "b": 1.0,
        "a": 1.0
    },
    "Eyewear": "",
    "EyewearColor": {
        "r": 0.0,
        "g": 0.0,
        "b": 0.0,
        "a": 0.0
    },
    "Tattoos": [
        ""
    ]
}