{
    "DataType": "TrashContainerData",
    "DataVersion": 0,
    "GameVersion": "0.3.3f15",
    "GUID": "6eb1815f-6db6-4e79-9726-8cfa41e79f1c",
    "ItemString": "{\n    \"DataType\": \"ItemData\",\n    \"DataVersion\": 0,\n    \"GameVersion\": \"0.3.3f15\",\n    \"ID\": \"trashcan\",\n    \"Quantity\": 1\n}",
    "LoadOrder": 0,
    "GridGUID": "46a785d3-e21e-4117-8366-ebddea345dee",
    "OriginCoordinate": {
        "x": 9.0,
        "y": 6.0
    },
    "Rotation": -90,
    "ContentData": {
        "TrashIDs": [
            "plantscrap"
        ],
        "TrashQuantities": [
            1
        ]
    }
}