{
    "DataType": "PotData",
    "DataVersion": 0,
    "GameVersion": "0.3.3f15",
    "GUID": "e159d411-42bf-4e7f-b03b-c688586e6474",
    "ItemString": "{\n    \"DataType\": \"ItemData\",\n    \"DataVersion\": 0,\n    \"GameVersion\": \"0.3.3f15\",\n    \"ID\": \"growtent\",\n    \"Quantity\": 1\n}",
    "LoadOrder": 0,
    "GridGUID": "46a785d3-e21e-4117-8366-ebddea345dee",
    "OriginCoordinate": {
        "x": 9.0,
        "y": 4.0
    },
    "Rotation": -90,
    "SoilID": "longlifesoil",
    "SoilLevel": 20.0,
    "RemainingSoilUses": 1,
    "WaterLevel": 0.0,
    "AppliedAdditives": [],
    "PlantData": {
        "DataType": "PlantData",
        "DataVersion": 0,
        "GameVersion": "0.3.3f15",
        "SeedID": "ogkushseed",
        "GrowthProgress": 1.0,
        "YieldLevel": 1.0,
        "QualityLevel": 0.5,
        "ActiveBuds": [
            6,
            7,
            11,
            2,
            12,
            9,
            15,
            8
        ]
    }
}