{
    "DataType": "CustomerData",
    "DataVersion": 0,
    "GameVersion": "0.3.3f15",
    "Dependence": 0.17909999191761018,
    "PurchaseableProducts": [
        "ogkush"
    ],
    "ProductAffinities": [
        -0.26440003514289858,
        0.8799999952316284,
        0.3700000047683716
    ],
    "TimeSinceLastDealCompleted": 1756,
    "TimeSinceLastDealOffered": 253,
    "OfferedDeals": 9,
    "CompletedDeals": 5,
    "IsContractOffered": false,
    "OfferedContract": {
        "Payment": 0.0,
        "Products": {
            "entries": []
        },
        "DeliveryLocationGUID": "",
        "DeliveryWindow": {
            "IsEnabled": false,
            "WindowStartTime": 1200,
            "WindowEndTime": 1800
        },
        "Expires": false,
        "ExpiresAfter": 0,
        "PickupScheduleIndex": 0,
        "IsCounterOffer": false
    },
    "OfferedContractTime": {
        "elapsedDays": 10,
        "time": 1930
    },
    "TimeSincePlayerApproached": 13384,
    "TimeSinceInstantDealOffered": 13384,
    "HasBeenRecommended": false
}