{
    "DataType": "CustomerData",
    "DataVersion": 0,
    "GameVersion": "0.3.3f15",
    "Dependence": 0.0,
    "PurchaseableProducts": [
        "ogkush"
    ],
    "ProductAffinities": [
        1.0,
        -0.27379047870635989,
        0.25126001238822939
    ],
    "TimeSinceLastDealCompleted": 5619,
    "TimeSinceLastDealOffered": 1254,
    "OfferedDeals": 3,
    "CompletedDeals": 3,
    "IsContractOffered": false,
    "OfferedContract": {
        "Payment": 0.0,
        "Products": {
            "entries": []
        },
        "DeliveryLocationGUID": "",
        "DeliveryWindow": {
            "IsEnabled": false,
            "WindowStartTime": 1200,
            "WindowEndTime": 1800
        },
        "Expires": false,
        "ExpiresAfter": 0,
        "PickupScheduleIndex": 0,
        "IsCounterOffer": false
    },
    "OfferedContractTime": {
        "elapsedDays": 9,
        "time": 2000
    },
    "TimeSincePlayerApproached": 1013231,
    "TimeSinceInstantDealOffered": 1013231,
    "HasBeenRecommended": false
}