{
    "DataType": "ProductManagerData",
    "DataVersion": 0,
    "GameVersion": "0.3.3f15",
    "DiscoveredProducts": [
        "ogkush",
        "sourdiesel",
        "greencrack",
        "granddaddypurple",
        "darkbud",
        "aspendeath",
        "granddaddymclovin",
        "ultraslime",
        "ultracake",
        "icecreamsplooge",
        "stinkythunderfuck"
    ],
    "ListedProducts": [
        "ogkush"
    ],
    "ActiveMixOperation": {
        "ProductID": "",
        "IngredientID": ""
    },
    "IsMixComplete": false,
    "MixRecipes": [
        {
            "Product": "paracetamol",
            "Mixer": "greencrack",
            "Output": "darkbud"
        },
        {
            "Product": "viagra",
            "Mixer": "greencrack",
            "Output": "aspendeath"
        },
        {
            "Product": "donut",
            "Mixer": "greencrack",
            "Output": "granddaddymclovin"
        },
        {
            "Product": "paracetamol",
            "Mixer": "sourdiesel",
            "Output": "ultraslime"
        },
        {
            "Product": "flumedicine",
            "Mixer": "ultraslime",
            "Output": "ultracake"
        },
        {
            "Product": "mouthwash",
            "Mixer": "ultracake",
            "Output": "icecreamsplooge"
        },
        {
            "Product": "gasoline",
            "Mixer": "granddaddypurple",
            "Output": "stinkythunderfuck"
        }
    ],
    "ProductPrices": [
        {
            "String": "ogkush",
            "Int": 38
        },
        {
            "String": "sourdiesel",
            "Int": 40
        },
        {
            "String": "greencrack",
            "Int": 43
        },
        {
            "String": "granddaddypurple",
            "Int": 44
        },
        {
            "String": "meth",
            "Int": 70
        },
        {
            "String": "cocaine",
            "Int": 150
        },
        {
            "String": "darkbud",
            "Int": 43
        },
        {
            "String": "aspendeath",
            "Int": 59
        },
        {
            "String": "granddaddymclovin",
            "Int": 52
        },
        {
            "String": "ultraslime",
            "Int": 48
        },
        {
            "String": "ultracake",
            "Int": 57
        },
        {
            "String": "icecreamsplooge",
            "Int": 68
        },
        {
            "String": "stinkythunderfuck",
            "Int": 44
        }
    ],
    "FavouritedProducts": []
}