{
    "DataType": "CustomerData",
    "DataVersion": 0,
    "GameVersion": "0.3.3f15",
    "Dependence": 0.2980000078678131,
    "PurchaseableProducts": [
        "granddaddypurple",
        "greencrack"
    ],
    "ProductAffinities": [
        1.0,
        -0.6600000262260437,
        0.15000000596046449
    ],
    "TimeSinceLastDealCompleted": 893,
    "TimeSinceLastDealOffered": 913,
    "OfferedDeals": 9,
    "CompletedDeals": 7,
    "IsContractOffered": false,
    "OfferedContract": {
        "Payment": 0.0,
        "Products": {
            "entries": []
        },
        "DeliveryLocationGUID": "",
        "DeliveryWindow": {
            "IsEnabled": false,
            "WindowStartTime": 1200,
            "WindowEndTime": 1800
        },
        "Expires": false,
        "ExpiresAfter": 0,
        "PickupScheduleIndex": 0,
        "IsCounterOffer": false
    },
    "OfferedContractTime": {
        "elapsedDays": 10,
        "time": 830
    },
    "TimeSincePlayerApproached": 13383,
    "TimeSinceInstantDealOffered": 4820,
    "HasBeenRecommended": false
}