{
    "Gender": 0,
    "Weight": 0.22580644488334657,
    "SkinColor": {
        "r": 0.7799999713897705,
        "g": 0.6499999761581421,
        "b": 0.5400000214576721,
        "a": 1.0
    },
    "HairStyle": "Avatar/Hair/Afro/Afro",
    "HairColor": {
        "r": 0.11999999731779099,
        "g": 0.07000000029802323,
        "b": 0.03999999910593033,
        "a": 1.0
    },
    "Mouth": "Avatar/Layers/Face/Face_SmugPout",
    "FacialHair": "Avatar/Layers/Face/FacialHair_Goatee",
    "FacialDetails": "",
    "FacialDetailsIntensity": 0.6129032373428345,
    "EyeballColor": {
        "r": 1.0,
        "g": 0.6499999761581421,
        "b": 0.6499999761581421,
        "a": 1.0
    },
    "UpperEyeLidRestingPosition": 0.5,
    "LowerEyeLidRestingPosition": 0.5,
    "PupilDilation": 1.0,
    "EyebrowScale": 1.0,
    "EyebrowThickness": 1.0,
    "EyebrowRestingHeight": 0.0,
    "EyebrowRestingAngle": 0.0,
    "Top": "Avatar/Layers/Top/V-Neck",
    "TopColor": {
        "r": 0.28999999165534975,
        "g": 0.5400000214576721,
        "b": 0.1899999976158142,
        "a": 1.0
    },
    "Bottom": "Avatar/Layers/Bottom/Jeans",
    "BottomColor": {
        "r": 0.17000000178813935,
        "g": 0.20999999344348908,
        "b": 0.4000000059604645,
        "a": 1.0
    },
    "Shoes": "Avatar/Accessories/Feet/Sneakers/Sneakers",
    "ShoesColor": {
        "r": 1.0,
        "g": 1.0,
        "b": 1.0,
        "a": 1.0
    },
    "Headwear": "",
    "HeadwearColor": {
        "r": 1.0,
        "g": 1.0,
        "b": 1.0,
        "a": 1.0
    },
    "Eyewear": "",
    "EyewearColor": {
        "r": 0.0,
        "g": 0.0,
        "b": 0.0,
        "a": 0.0
    },
    "Tattoos": []
}