{
    "Items": [
        "{\"DataType\":\"ClothingData\",\"DataVersion\":0,\"GameVersion\":\"0.3.3f15\",\"ID\":\"sneakers\",\"Quantity\":1,\"Color\":0}",
        "{\"DataType\":\"ClothingData\",\"DataVersion\":0,\"GameVersion\":\"0.3.3f15\",\"ID\":\"jeans\",\"Quantity\":1,\"Color\":21}",
        "{\"DataType\":\"ItemData\",\"DataVersion\":0,\"GameVersion\":\"0.3.3f15\",\"ID\":\"\",\"Quantity\":0}",
        "{\"DataType\":\"ClothingData\",\"DataVersion\":0,\"GameVersion\":\"0.3.3f15\",\"ID\":\"vneck\",\"Quantity\":1,\"Color\":16}",
        "{\"DataType\":\"ItemData\",\"DataVersion\":0,\"GameVersion\":\"0.3.3f15\",\"ID\":\"\",\"Quantity\":0}",
        "{\"DataType\":\"ItemData\",\"DataVersion\":0,\"GameVersion\":\"0.3.3f15\",\"ID\":\"\",\"Quantity\":0}",
        "{\"DataType\":\"ItemData\",\"DataVersion\":0,\"GameVersion\":\"0.3.3f15\",\"ID\":\"\",\"Quantity\":0}",
        "{\"DataType\":\"ItemData\",\"DataVersion\":0,\"GameVersion\":\"0.3.3f15\",\"ID\":\"\",\"Quantity\":0}",
        "{\"DataType\":\"ItemData\",\"DataVersion\":0,\"GameVersion\":\"0.3.3f15\",\"ID\":\"\",\"Quantity\":0}",
        "{\"DataType\":\"ItemData\",\"DataVersion\":0,\"GameVersion\":\"0.3.3f15\",\"ID\":\"\",\"Quantity\":0}"
    ]
}