{
    "DataType": "CustomerData",
    "DataVersion": 0,
    "GameVersion": "0.3.3f15",
    "Dependence": 0.0,
    "PurchaseableProducts": [
        "ogkush"
    ],
    "ProductAffinities": [
        1.0,
        -0.5934600830078125,
        -0.6796560287475586
    ],
    "TimeSinceLastDealCompleted": 1943,
    "TimeSinceLastDealOffered": 539,
    "OfferedDeals": 4,
    "CompletedDeals": 3,
    "IsContractOffered": false,
    "OfferedContract": {
        "Payment": 0.0,
        "Products": {
            "entries": []
        },
        "DeliveryLocationGUID": "",
        "DeliveryWindow": {
            "IsEnabled": false,
            "WindowStartTime": 1200,
            "WindowEndTime": 1800
        },
        "Expires": false,
        "ExpiresAfter": 0,
        "PickupScheduleIndex": 0,
        "IsCounterOffer": false
    },
    "OfferedContractTime": {
        "elapsedDays": 10,
        "time": 1445
    },
    "TimeSincePlayerApproached": 1013232,
    "TimeSinceInstantDealOffered": 1013232,
    "HasBeenRecommended": false
}